{
  "assetsByChunkName": {
    "vendors~app-account~app-confirmation~app-order": "chunk.dc81e89fe07b016c9f06.js",
    "vendors~app-account~app-checkout": "chunk.a79c46247a92cf3be843.js",
    "vendors~app-cart~app-checkout": "chunk.c3d85d04107f186bec50.js",
    "admin": [
      "admin.b61871e6a969b9cd714e.js",
      "admin.b61871e6a969b9cd714e.js.map"
    ],
    "app-account": "chunk.ecfdf8cd3be635906857.js",
    "app-checkout": "chunk.a37ec4c75f517345f848.js",
    "app-confirmation": "chunk.884a2f87eec2e460ab56.js",
    "checkout": [
      "checkout.f2b5180d64eed3e1aa31.js",
      "checkout.f2b5180d64eed3e1aa31.js.map"
    ],
    "storefront": [
      "storefront.77071c9bd6dc0180ce31.css",
      "storefront.c889639f9ed5f19624c0.js",
      "storefront.77071c9bd6dc0180ce31.css.map",
      "storefront.c889639f9ed5f19624c0.js.map"
    ],
    "vendors~app-cart": "chunk.e983bcc804fbed2437ae.js",
    "vendors~app-order": "chunk.36a54b97696baab1cf8d.js"
  }
}